{
  "total_signals_detected": 17,
  "signals_by_type": {
    "DATA": 8,
    "VALOR": 0,
    "REF_LEGAL": 9
  },
  "extractor_coverage": {
    "E1": {
      "pages_with_missing": 1,
      "total_missing_signals": 1,
      "details": [
        {
          "page_num": 1,
          "extractor_id": "E1",
          "missing_signals": [
            {
              "signal_type": "REF_LEGAL",
              "detected": "Código \nCivil",
              "found_in_llm": false
            }
          ],
          "total_missing": 1
        }
      ]
    },
    "E2": {
      "pages_with_missing": 4,
      "total_missing_signals": 6,
      "details": [
        {
          "page_num": 1,
          "extractor_id": "E2",
          "missing_signals": [
            {
              "signal_type": "DATA",
              "detected": "15 de janeiro de 2023",
              "found_in_llm": false
            },
            {
              "signal_type": "DATA",
              "detected": "31 de dezembro de 2025",
              "found_in_llm": false
            },
            {
              "signal_type": "REF_LEGAL",
              "detected": "Código \nCivil",
              "found_in_llm": false
            }
          ],
          "total_missing": 3
        },
        {
          "page_num": 2,
          "extractor_id": "E2",
          "missing_signals": [
            {
              "signal_type": "DATA",
              "detected": "01 de março de 2023",
              "found_in_llm": false
            }
          ],
          "total_missing": 1
        },
        {
          "page_num": 4,
          "extractor_id": "E2",
          "missing_signals": [
            {
              "signal_type": "DATA",
              "detected": "27 de abril de 2016",
              "found_in_llm": false
            }
          ],
          "total_missing": 1
        },
        {
          "page_num": 5,
          "extractor_id": "E2",
          "missing_signals": [
            {
              "signal_type": "DATA",
              "detected": "15 de janeiro de 2023",
              "found_in_llm": false
            }
          ],
          "total_missing": 1
        }
      ]
    },
    "E3": {
      "pages_with_missing": 2,
      "total_missing_signals": 2,
      "details": [
        {
          "page_num": 1,
          "extractor_id": "E3",
          "missing_signals": [
            {
              "signal_type": "REF_LEGAL",
              "detected": "Código \nCivil",
              "found_in_llm": false
            }
          ],
          "total_missing": 1
        },
        {
          "page_num": 2,
          "extractor_id": "E3",
          "missing_signals": [
            {
              "signal_type": "DATA",
              "detected": "01 de março de 2023",
              "found_in_llm": false
            }
          ],
          "total_missing": 1
        }
      ]
    },
    "E4": {
      "pages_with_missing": 4,
      "total_missing_signals": 9,
      "details": [
        {
          "page_num": 1,
          "extractor_id": "E4",
          "missing_signals": [
            {
              "signal_type": "DATA",
              "detected": "15 de janeiro de 2023",
              "found_in_llm": false
            },
            {
              "signal_type": "DATA",
              "detected": "31 de dezembro de 2025",
              "found_in_llm": false
            },
            {
              "signal_type": "REF_LEGAL",
              "detected": "artigo 1095°, n° 1",
              "found_in_llm": false
            },
            {
              "signal_type": "REF_LEGAL",
              "detected": "Código \nCivil",
              "found_in_llm": false
            }
          ],
          "total_missing": 4
        },
        {
          "page_num": 2,
          "extractor_id": "E4",
          "missing_signals": [
            {
              "signal_type": "DATA",
              "detected": "01 de março de 2023",
              "found_in_llm": false
            },
            {
              "signal_type": "REF_LEGAL",
              "detected": "artigo 1077°, n°2",
              "found_in_llm": false
            }
          ],
          "total_missing": 2
        },
        {
          "page_num": 4,
          "extractor_id": "E4",
          "missing_signals": [
            {
              "signal_type": "DATA",
              "detected": "27 de abril de 2016",
              "found_in_llm": false
            },
            {
              "signal_type": "REF_LEGAL",
              "detected": "Lei n.° 58/2019",
              "found_in_llm": false
            }
          ],
          "total_missing": 2
        },
        {
          "page_num": 5,
          "extractor_id": "E4",
          "missing_signals": [
            {
              "signal_type": "DATA",
              "detected": "15 de janeiro de 2023",
              "found_in_llm": false
            }
          ],
          "total_missing": 1
        }
      ]
    },
    "E5": {
      "pages_with_missing": 2,
      "total_missing_signals": 2,
      "details": [
        {
          "page_num": 1,
          "extractor_id": "E5",
          "missing_signals": [
            {
              "signal_type": "REF_LEGAL",
              "detected": "Código \nCivil",
              "found_in_llm": false
            }
          ],
          "total_missing": 1
        },
        {
          "page_num": 2,
          "extractor_id": "E5",
          "missing_signals": [
            {
              "signal_type": "DATA",
              "detected": "01 de março de 2023",
              "found_in_llm": false
            }
          ],
          "total_missing": 1
        }
      ]
    }
  },
  "uncovered_signals": [
    {
      "page_num": 1,
      "uncovered": [
        {
          "type": "REF_LEGAL",
          "value": "Código \nCivil"
        }
      ]
    }
  ]
}