{
  "numero": 3,
  "timestamp": "2026-02-04 10:25:22",
  "pergunta": "esta minuta de distrate está legal e protege me a 100% do inquilino que quer sair?",
  "resposta_final": "## Consensos entre Juízes\n1. **O distrate (revogação por mútuo acordo) é, em regra, admissível e “legal”** no arrendamento urbano: as partes podem fazer cessar o contrato por acordo, fixando data e condições.\n2. **A minuta, tal como descrita, não o “protege a 100%”**: há riscos de litígio e pontos omissos que podem ser explorados pelo arrendatário.\n3. **Lacunas principais identificadas (com elevada relevância prática e probatória):**\n   - **Rendas pagas adiantadas / encontro de contas** não tratado de forma expressa (risco de pedido de devolução e/ou alegação de enriquecimento sem causa e conflito com a “compensação por vacância”).\n   - **Valor da compensação (€ 1.169,07) vs renda contratual (€ 1.100,00)**: sem base documental/aceitação expressa pode ser contestado.\n   - **Falta de “Auto de Entrega/Vistoria” robusto** (inventário, fotos, leituras de contadores, chaves) como anexo integrante, assinado na entrega.\n   - **Ausência de cláusula clara de quitação/encerramento de contas**, com reservas bem delimitadas (ex.: consumos faturados posteriormente; danos ocultos por prazo definido).\n4. **Reforços recomendados por todos**: formalizar procedimento de entrega, regularização de consumos e mecanismo de retenção/ajuste via caução; e, por prudência, **reconhecimento de assinaturas**.\n\n---\n\n## Divergências (se houver)\n1. **Ênfase e detalhe**: os Juízes 2 e 3 apresentam um “checklist” mais operacional (p. ex., retenção da caução se não houver comprovativos de consumos; prazo de aceitação da proposta). O Juiz 1 é mais sintético, mas converge no essencial.\n2. **Forma escrita como exigência**: há ligeiras diferenças de formulação. Na prática, **a forma escrita é, no mínimo, fortemente recomendável** (e muitas vezes necessária para alinhamento com a forma do contrato e para prova), mas a segurança jurídica aqui vem sobretudo da **redação completa + anexos + prova**.\n\n---\n\n## Verificação de Citações Legais\n- **Código Civil, art. 1082.º (distrate / revogação por acordo)**: referência **pertinente** para suportar a cessação por mútuo consentimento.\n- **Artigos sobre denúncia/oposição à renovação (p. ex., 1097.º, 1098.º)**: **pertinentes como enquadramento** (o caso é resolvido por acordo, mas esses artigos ajudam a perceber o “plano B” sem acordo).\n- **Regras sobre restituição do locado e responsabilidade por deteriorações (p. ex., 1038.º, 1043.º, 1044.º)**: **pertinentes** para suportar obrigação de entrega e eventual indemnização por danos.\n- **RGPD / Lei 58/2019**: só é relevante se a minuta tratar efetivamente dados pessoais de forma autónoma; **não é o núcleo** do problema.\n- Nota: sem ver a minuta integral e as comunicações (atualizações de renda, etc.), **não é possível validar com rigor absoluto** se todos os artigos citados estão a ser aplicados com total precisão ao caso concreto; porém, **o sentido jurídico global** das referências é adequado.\n\n---\n\n## Resposta Final\n**Não.** Mesmo admitindo que a minuta seja “legal” como base de distrate, **não há nenhum documento que o proteja “a 100%”**, e **esta versão (pelos pontos relatados) deixa aberturas reais** para o inquilino reclamar valores ou para ser difícil provar danos/consumos.\n\nPara aproximar a minuta do nível de proteção que pretende, **antes de assinar**, deve exigir pelo menos:\n\n1. **Cláusula de encontro de contas (rendas pagas adiantadas):** declarar até que mês está pago; apurar saldo; definir se há devolução, imputação na compensação, ou compensação/dedução na caução—e **proibir dupla cobrança** (renda já paga + “vacância” do mesmo mês).\n2. **Cláusula de reconhecimento do valor em vigor** (renda/compensação € 1.169,07) **ou** usar o valor contratual (€ 1.100,00) para reduzir disputa; idealmente anexar prova/aceitação de atualizações.\n3. **Auto de Vistoria/Entrega como anexo integrante**, assinado no ato: estado do imóvel, inventário, fotos datadas, leituras de contadores, número de chaves/comandos, declaração “livre de pessoas e bens”.\n4. **Consumos e caução:** prever que, sem comprovativos/regularização, **pode reter a caução** (total ou parcialmente) até acerto; e fixar um método/prazo para acertos com faturas que cheguem depois.\n5. **Quitação recíproca bem redigida**, com **ressalvas limitadas e com prazo** (ex.: consumos faturados até X dias; danos ocultos detetados até X dias).\n6. **Prazo de validade da proposta** e, por prudência, **reconhecimento presencial de assinaturas**.\n\n---\n\n## DECISÃO FINAL:\n**A minuta pode ser um ponto de partida e é, em princípio, admissível/“legal” como distrate, mas não o protege a 100% na forma atual.** Recomenda-se **não assinar** sem as correções acima (especialmente: rendas adiantadas/encontro de contas + auto de entrega/vistoria + quitação/consumos + clarificação do valor).",
  "documentos_anexados": [
    "contrato distrate.docx"
  ],
  "run_id": "20260203_154057_891a6226",
  "tempo_ms": 311290,
  "tokens": 73054,
  "custo": 0.7305400000000001,
  "sucesso": true
}