{
  "numero": 2,
  "timestamp": "2026-02-03 17:41:09",
  "pergunta": "hoje é 03 de fevereiro de 2026 e o inquilino demonstrou interesse em resolver o contrato o mais rapido possivel. ele esteve sempre conforme clausulas do contrato a pagar adiantado desde o inicio contrato onde em março de 2023 pagou o mês de junho de 2023 e assim sucessivamente. este mês de fevereiro de 2026 não transferiu nenhum valor de renda tendo sido o ultimo pagamento efetuado por ele em janeiro de 2026.. ate quando ele e obrigado a cumprir e ficar na casa?",
  "run_id": "20260203_154057_891a6226",
  "tempo_ms": 322467,
  "tokens": 48384,
  "custo": 0.48384000000000005,
  "sucesso": true
}