{
  "numero": 1,
  "timestamp": "2026-02-03 17:19:46",
  "pergunta": "mas as cláusulas do contrato de arrendamento (aqui veio anexado) nomeadamente clausula segunda ponto 4 fala sobre o ter de decorrer um terço do prazo inicial do contrato ou da sua renovaçao! o contrato iniciou em 15 janeiro de 2023  e termo em 31 dezembro 2025 logo renovou, certo? direitos do senhorio ? deveres e direitos inquilino pelo contrato arrendamento",
  "run_id": "20260203_154057_891a6226",
  "tempo_ms": 374402,
  "tokens": 52022,
  "custo": 0.52022,
  "sucesso": true
}