{
  "numero": 4,
  "timestamp": "2026-02-04 11:32:29",
  "pergunta": "confirma me se os ficheiros anexos ja corrigem o anteriormente dito aqui e se me protegem a 100% do inquilino!!!",
  "resposta_final": "## Consensos entre Juízes\n1. **Não é possível afirmar “proteção a 100%”** com os documentos no estado descrito nos pareceres: em arrendamento, há sempre margem de litígio (prova, interpretações, incumprimento).\n2. **Há melhorias relevantes** (vistoria/auto de entrega, regras de compensação por vacância, regra anti-duplicação, quitação com reservas), mas **persistem lacunas críticas**.\n3. **Falta o “Anexo II – Mapa de Acerto Final”** (referido no texto), o que **fragiliza/inviabiliza o encontro de contas** e abre espaço a discussão de valores.\n4. **Falta prova documental das atualizações de renda** (comunicações/recibos), permitindo ao inquilino **contestar o valor base** usado em compensações/cálculos.\n5. **Existe inconsistência no prazo de devolução da caução** (60 vs 90 dias), criando risco de disputa e alegação de cláusula desfavorável/ambígua.\n6. **Há erro material (“hookupada”)** que deve ser corrigido antes de assinar.\n\n## Divergências (se houver)\n1. **Grau/percentagem de proteção**: o Juiz 2 quantifica (65–75%); os Juízes 1 e 3 não quantificam, mas convergem que **não está “blindado”**.\n2. **Força executiva / reconhecimento de assinaturas**: há consenso de que **reconhecer/“autenticar” assinaturas reforça muito a posição do senhorio**, mas a afirmação de que “sem reconhecimento nunca é título executivo” é **demasiado categórica** (verificação abaixo). Na prática, **o caminho mais seguro** é reconhecimento presencial e, idealmente, **documento autenticado**.\n\n## Verificação de Citações Legais\n- **Código Civil (CC)**: referências ao regime do arrendamento urbano e cessação por acordo (incluindo **art. 1082.º**) são coerentes; obrigações do locatário e responsabilidade por deteriorações também estão em linha com o CC (ex.: dever de restituição em bom estado).\n- **Atualização de renda**: a exigência de **comunicação/formalidade** é compatível com o CC (incluindo a referência ao **art. 1077.º** feita nos pareceres).\n- **NRAU (Lei n.º 6/2006)**: pertinente para comunicações e enquadramento do arrendamento urbano.\n- **CPC, art. 703.º (títulos executivos)**: é correto invocar o tema “título executivo”, mas **o detalhe sobre obrigatoriedade de reconhecimento notarial** pode depender do conteúdo concreto do documento (se contém obrigação pecuniária certa/liquidável e assinatura do devedor) e do regime probatório/autenticidade. **Como medida de máxima segurança**, recomenda-se **reconhecimento presencial** e/ou **documento autenticado** (por notário/advogado/solicitador).\n- **RGPD/Lei 58/2019**: aplicável se houver tratamento de dados pessoais; não é o núcleo do risco de litígio do distrate, mas é pertinente.\n\n## Resposta Final (à sua pergunta)\n**Decisão:** **Não confirmo que os ficheiros, tal como descritos nos pareceres, “corrijam tudo” nem que o protejam a 100% do inquilino.** Protegem melhor do que um distrate simples, mas **ainda ficam vulneráveis** sobretudo por falta de peças e por incoerências internas.\n\nPara ficar **substancialmente mais protegido**, antes de assinar deve, no mínimo:\n1. **Criar e anexar o Anexo II – Mapa de Acerto Final**, com valores concretos (caução, rendas, consumos, danos, compensações, saldo final) e assinatura/rúbrica de ambas as partes.\n2. **Anexar prova das atualizações de renda** (cartas/notificações e/ou recibos que mostrem aceitação/pagamento).\n3. **Uniformizar o prazo de devolução da caução** (ou manter 60 dias do contrato, ou então deixar **aceitação expressa e destacada** do novo prazo).\n4. **Corrigir o erro material** (“hookupada”) e eliminar versões duplicadas/inconsistentes.\n5. **Reforço de exequibilidade**: assinar com **reconhecimento presencial** e, idealmente, formalizar como **documento autenticado**, para reduzir discussões sobre assinatura/vontade e facilitar cobrança se houver incumprimento.\n\n**Em suma:** os anexos **não garantem 100%**, e **ainda não fecham** os pontos que os três pareceres consideram decisivos (Anexo II, prova da renda, coerência da caução e formalização das assinaturas).",
  "documentos_anexados": [
    "ANEXO I – AUTO DE ENTREGA E VISTORIA (ENTREGA DO LOCADO).docx",
    "contrato de distrate.docx",
    "carta para aceitar distrate.docx"
  ],
  "run_id": "20260203_154057_891a6226",
  "tempo_ms": 350731,
  "tokens": 90651,
  "custo": 0.90651,
  "sucesso": true
}